{"initial_reset_timestamp": 1539241099.136807, "timestamps": [1539241100.2938209], "episode_lengths": [14], "episode_rewards": [14.0], "episode_types": ["t"]}